[{"fixer-message-id":"RRG-1","cat_shrt_name":"RRG","original_filename":"/workspace/source/project/CWE338_Weak_PRNG__util_04.java","project_path":"/workspace/source","function_name":"bad","selected_node":"new Random()","diff_locations":["CWE338_Weak_PRNG__util_04.java14427562942565429052.diff"],"class_name":"CWE338_Weak_PRNG__util_04","scan_date":"Mon Jan 20 23:48:53 UTC 2020"},{"fixer-message-id":"RRG-1","cat_shrt_name":"RRG","original_filename":"/workspace/source/project/CWE338_Weak_PRNG__util_09.java","project_path":"/workspace/source","function_name":"bad","selected_node":"new Random()","diff_locations":["CWE338_Weak_PRNG__util_09.java13786802106236409519.diff"],"class_name":"CWE338_Weak_PRNG__util_09","scan_date":"Mon Jan 20 23:48:53 UTC 2020"},{"fixer-message-id":"RRG-1","cat_shrt_name":"RRG","original_filename":"/workspace/source/project/CWE338_Weak_PRNG__util_13.java","project_path":"/workspace/source","function_name":"bad","selected_node":"new Random()","diff_locations":["CWE338_Weak_PRNG__util_13.java10516592096070851890.diff"],"class_name":"CWE338_Weak_PRNG__util_13","scan_date":"Mon Jan 20 23:48:54 UTC 2020"},{"fixer-message-id":"RRG-1","cat_shrt_name":"RRG","original_filename":"/workspace/source/project/CWE338_Weak_PRNG__util_08.java","project_path":"/workspace/source","function_name":"bad","selected_node":"new Random()","diff_locations":["CWE338_Weak_PRNG__util_08.java13201299716725671542.diff"],"class_name":"CWE338_Weak_PRNG__util_08","scan_date":"Mon Jan 20 23:48:54 UTC 2020"},{"fixer-message-id":"RRG-1","cat_shrt_name":"RRG","original_filename":"/workspace/source/project/CWE338_Weak_PRNG__util_03.java","project_path":"/workspace/source","function_name":"bad","selected_node":"new Random()","diff_locations":["CWE338_Weak_PRNG__util_03.java18270722624415990664.diff"],"class_name":"CWE338_Weak_PRNG__util_03","scan_date":"Mon Jan 20 23:48:55 UTC 2020"},{"fixer-message-id":"RRG-1","cat_shrt_name":"RRG","original_filename":"/workspace/source/project/CWE338_Weak_PRNG__util_07.java","project_path":"/workspace/source","function_name":"bad","selected_node":"new Random()","diff_locations":["CWE338_Weak_PRNG__util_07.java1226692153786999528.diff"],"class_name":"CWE338_Weak_PRNG__util_07","scan_date":"Mon Jan 20 23:48:55 UTC 2020"},{"fixer-message-id":"RRG-1","cat_shrt_name":"RRG","original_filename":"/workspace/source/project/CWE338_Weak_PRNG__util_12.java","project_path":"/workspace/source","function_name":"bad","selected_node":"new Random()","diff_locations":["CWE338_Weak_PRNG__util_12.java534294236317113119.diff"],"class_name":"CWE338_Weak_PRNG__util_12","scan_date":"Mon Jan 20 23:48:57 UTC 2020"},{"fixer-message-id":"RRG-1","cat_shrt_name":"RRG","original_filename":"/workspace/source/project/CWE338_Weak_PRNG__util_16.java","project_path":"/workspace/source","function_name":"bad","selected_node":"new Random()","diff_locations":["CWE338_Weak_PRNG__util_16.java17583582101209150207.diff"],"class_name":"CWE338_Weak_PRNG__util_16","scan_date":"Mon Jan 20 23:48:57 UTC 2020"},{"fixer-message-id":"RRG-1","cat_shrt_name":"RRG","original_filename":"/workspace/source/project/CWE338_Weak_PRNG__util_11.java","project_path":"/workspace/source","function_name":"bad","selected_node":"new Random()","diff_locations":["CWE338_Weak_PRNG__util_11.java2504222722176290630.diff"],"class_name":"CWE338_Weak_PRNG__util_11","scan_date":"Mon Jan 20 23:48:57 UTC 2020"},{"fixer-message-id":"RRG-1","cat_shrt_name":"RRG","original_filename":"/workspace/source/project/CWE338_Weak_PRNG__util_06.java","project_path":"/workspace/source","function_name":"bad","selected_node":"new Random()","diff_locations":["CWE338_Weak_PRNG__util_06.java18317776112862790938.diff"],"class_name":"CWE338_Weak_PRNG__util_06","scan_date":"Mon Jan 20 23:48:58 UTC 2020"},{"fixer-message-id":"RRG-1","cat_shrt_name":"RRG","original_filename":"/workspace/source/project/CWE338_Weak_PRNG__util_01.java","project_path":"/workspace/source","function_name":"bad","selected_node":"new Random()","diff_locations":["CWE338_Weak_PRNG__util_01.java14492201981527100360.diff"],"class_name":"CWE338_Weak_PRNG__util_01","scan_date":"Mon Jan 20 23:48:58 UTC 2020"},{"fixer-message-id":"RRG-1","cat_shrt_name":"RRG","original_filename":"/workspace/source/project/CWE338_Weak_PRNG__util_15.java","project_path":"/workspace/source","function_name":"bad","selected_node":"new Random()","diff_locations":["CWE338_Weak_PRNG__util_15.java18180815549299651855.diff"],"class_name":"CWE338_Weak_PRNG__util_15","scan_date":"Mon Jan 20 23:48:58 UTC 2020"},{"fixer-message-id":"RRG-1","cat_shrt_name":"RRG","original_filename":"/workspace/source/project/CWE338_Weak_PRNG__util_17.java","project_path":"/workspace/source","function_name":"bad","selected_node":"new Random()","diff_locations":["CWE338_Weak_PRNG__util_17.java2850508412423053728.diff"],"class_name":"CWE338_Weak_PRNG__util_17","scan_date":"Mon Jan 20 23:48:59 UTC 2020"},{"fixer-message-id":"RRG-1","cat_shrt_name":"RRG","original_filename":"/workspace/source/project/CWE338_Weak_PRNG__util_05.java","project_path":"/workspace/source","function_name":"bad","selected_node":"new Random()","diff_locations":["CWE338_Weak_PRNG__util_05.java10953759950385111346.diff"],"class_name":"CWE338_Weak_PRNG__util_05","scan_date":"Mon Jan 20 23:48:59 UTC 2020"},{"fixer-message-id":"RRG-1","cat_shrt_name":"RRG","original_filename":"/workspace/source/project/CWE338_Weak_PRNG__util_14.java","project_path":"/workspace/source","function_name":"bad","selected_node":"new Random()","diff_locations":["CWE338_Weak_PRNG__util_14.java13732438079485829641.diff"],"class_name":"CWE338_Weak_PRNG__util_14","scan_date":"Mon Jan 20 23:49:00 UTC 2020"},{"fixer-message-id":"RRG-1","cat_shrt_name":"RRG","original_filename":"/workspace/source/project/CWE338_Weak_PRNG__util_02.java","project_path":"/workspace/source","function_name":"bad","selected_node":"new Random()","diff_locations":["CWE338_Weak_PRNG__util_02.java12058752224077063080.diff"],"class_name":"CWE338_Weak_PRNG__util_02","scan_date":"Mon Jan 20 23:49:01 UTC 2020"},{"fixer-message-id":"RRG-1","cat_shrt_name":"RRG","original_filename":"/workspace/source/project/CWE338_Weak_PRNG__util_10.java","project_path":"/workspace/source","function_name":"bad","selected_node":"new Random()","diff_locations":["CWE338_Weak_PRNG__util_10.java945822853366300926.diff"],"class_name":"CWE338_Weak_PRNG__util_10","scan_date":"Mon Jan 20 23:49:01 UTC 2020"},{"fixer-message-id":"RRG-1","cat_shrt_name":"RRG","original_filename":"/workspace/source/project/CWE338_Weak_PRNG__util_13.java","project_path":"/workspace/source","function_name":"bad","selected_node":"new Random()","diff_locations":["CWE338_Weak_PRNG__util_13.java11570739381740578661.diff"],"class_name":"CWE338_Weak_PRNG__util_13","scan_date":"Mon Jan 20 23:49:02 UTC 2020"},{"fixer-message-id":"RRG-1","cat_shrt_name":"RRG","original_filename":"/workspace/source/project/CWE338_Weak_PRNG__util_04.java","project_path":"/workspace/source","function_name":"bad","selected_node":"new Random()","diff_locations":["CWE338_Weak_PRNG__util_04.java10275525161608378452.diff"],"class_name":"CWE338_Weak_PRNG__util_04","scan_date":"Mon Jan 20 23:49:03 UTC 2020"},{"fixer-message-id":"RRG-1","cat_shrt_name":"RRG","original_filename":"/workspace/source/project/CWE338_Weak_PRNG__util_08.java","project_path":"/workspace/source","function_name":"bad","selected_node":"new Random()","diff_locations":["CWE338_Weak_PRNG__util_08.java764017148337390454.diff"],"class_name":"CWE338_Weak_PRNG__util_08","scan_date":"Mon Jan 20 23:49:04 UTC 2020"},{"fixer-message-id":"RRG-1","cat_shrt_name":"RRG","original_filename":"/workspace/source/project/CWE338_Weak_PRNG__util_12.java","project_path":"/workspace/source","function_name":"bad","selected_node":"new Random()","diff_locations":["CWE338_Weak_PRNG__util_12.java11204999074283834789.diff"],"class_name":"CWE338_Weak_PRNG__util_12","scan_date":"Mon Jan 20 23:49:05 UTC 2020"},{"fixer-message-id":"RRG-1","cat_shrt_name":"RRG","original_filename":"/workspace/source/project/CWE338_Weak_PRNG__util_03.java","project_path":"/workspace/source","function_name":"bad","selected_node":"new Random()","diff_locations":["CWE338_Weak_PRNG__util_03.java396824947182994536.diff"],"class_name":"CWE338_Weak_PRNG__util_03","scan_date":"Mon Jan 20 23:49:05 UTC 2020"},{"fixer-message-id":"RRG-1","cat_shrt_name":"RRG","original_filename":"/workspace/source/project/CWE338_Weak_PRNG__util_07.java","project_path":"/workspace/source","function_name":"bad","selected_node":"new Random()","diff_locations":["CWE338_Weak_PRNG__util_07.java11158396827596725127.diff"],"class_name":"CWE338_Weak_PRNG__util_07","scan_date":"Mon Jan 20 23:49:06 UTC 2020"},{"fixer-message-id":"RRG-1","cat_shrt_name":"RRG","original_filename":"/workspace/source/project/CWE338_Weak_PRNG__util_15.java","project_path":"/workspace/source","function_name":"bad","selected_node":"new Random()","diff_locations":["CWE338_Weak_PRNG__util_15.java5722120750485922175.diff"],"class_name":"CWE338_Weak_PRNG__util_15","scan_date":"Mon Jan 20 23:49:06 UTC 2020"},{"fixer-message-id":"RRG-1","cat_shrt_name":"RRG","original_filename":"/workspace/source/project/CWE338_Weak_PRNG__util_01.java","project_path":"/workspace/source","function_name":"bad","selected_node":"new Random()","diff_locations":["CWE338_Weak_PRNG__util_01.java13312876163081085986.diff"],"class_name":"CWE338_Weak_PRNG__util_01","scan_date":"Mon Jan 20 23:49:06 UTC 2020"},{"fixer-message-id":"RRG-1","cat_shrt_name":"RRG","original_filename":"/workspace/source/project/CWE338_Weak_PRNG__util_16.java","project_path":"/workspace/source","function_name":"bad","selected_node":"new Random()","diff_locations":["CWE338_Weak_PRNG__util_16.java18157250972850920117.diff"],"class_name":"CWE338_Weak_PRNG__util_16","scan_date":"Mon Jan 20 23:49:06 UTC 2020"},{"fixer-message-id":"RRG-1","cat_shrt_name":"RRG","original_filename":"/workspace/source/project/CWE338_Weak_PRNG__util_11.java","project_path":"/workspace/source","function_name":"bad","selected_node":"new Random()","diff_locations":["CWE338_Weak_PRNG__util_11.java12784589468537818664.diff"],"class_name":"CWE338_Weak_PRNG__util_11","scan_date":"Mon Jan 20 23:49:07 UTC 2020"},{"fixer-message-id":"RRG-1","cat_shrt_name":"RRG","original_filename":"/workspace/source/project/CWE338_Weak_PRNG__util_06.java","project_path":"/workspace/source","function_name":"bad","selected_node":"new Random()","diff_locations":["CWE338_Weak_PRNG__util_06.java4611912986616093579.diff"],"class_name":"CWE338_Weak_PRNG__util_06","scan_date":"Mon Jan 20 23:49:07 UTC 2020"},{"fixer-message-id":"RRG-1","cat_shrt_name":"RRG","original_filename":"/workspace/source/project/CWE338_Weak_PRNG__util_02.java","project_path":"/workspace/source","function_name":"bad","selected_node":"new Random()","diff_locations":["CWE338_Weak_PRNG__util_02.java8517091135724135182.diff"],"class_name":"CWE338_Weak_PRNG__util_02","scan_date":"Mon Jan 20 23:49:07 UTC 2020"},{"fixer-message-id":"RRG-1","cat_shrt_name":"RRG","original_filename":"/workspace/source/project/CWE338_Weak_PRNG__util_14.java","project_path":"/workspace/source","function_name":"bad","selected_node":"new Random()","diff_locations":["CWE338_Weak_PRNG__util_14.java16594102952136131965.diff"],"class_name":"CWE338_Weak_PRNG__util_14","scan_date":"Mon Jan 20 23:49:08 UTC 2020"},{"fixer-message-id":"RRG-1","cat_shrt_name":"RRG","original_filename":"/workspace/source/project/CWE338_Weak_PRNG__util_09.java","project_path":"/workspace/source","function_name":"bad","selected_node":"new Random()","diff_locations":["CWE338_Weak_PRNG__util_09.java18112433048653533953.diff"],"class_name":"CWE338_Weak_PRNG__util_09","scan_date":"Mon Jan 20 23:49:08 UTC 2020"},{"fixer-message-id":"RRG-1","cat_shrt_name":"RRG","original_filename":"/workspace/source/project/CWE338_Weak_PRNG__util_05.java","project_path":"/workspace/source","function_name":"bad","selected_node":"new Random()","diff_locations":["CWE338_Weak_PRNG__util_05.java14629400236019361028.diff"],"class_name":"CWE338_Weak_PRNG__util_05","scan_date":"Mon Jan 20 23:49:08 UTC 2020"},{"fixer-message-id":"RRG-1","cat_shrt_name":"RRG","original_filename":"/workspace/source/project/CWE338_Weak_PRNG__util_10.java","project_path":"/workspace/source","function_name":"bad","selected_node":"new Random()","diff_locations":["CWE338_Weak_PRNG__util_10.java5477237855167615659.diff"],"class_name":"CWE338_Weak_PRNG__util_10","scan_date":"Mon Jan 20 23:49:09 UTC 2020"},{"fixer-message-id":"RRG-1","cat_shrt_name":"RRG","original_filename":"/workspace/source/project/CWE338_Weak_PRNG__util_17.java","project_path":"/workspace/source","function_name":"bad","selected_node":"new Random()","diff_locations":["CWE338_Weak_PRNG__util_17.java1176266216798062507.diff"],"class_name":"CWE338_Weak_PRNG__util_17","scan_date":"Mon Jan 20 23:49:09 UTC 2020"}]